{"cameraMode":{"drawMode":0,"name":"Shaded","section":"Shading Mode"},"sceneLighting":false,"audioPlay":false,"sceneViewState":{"showFog":true,"showMaterialUpdate":false,"showSkybox":false,"showFlares":true,"showImageEffects":true,"showParticleSystems":true},"in2DMode":false,"pivot":{"x":0.7550833821296692,"y":-0.3410412669181824,"z":4.5687994956970219},"rotation":{"x":-0.00023075140779837966,"y":0.9997825622558594,"z":-0.01439755316823721,"w":-0.015584646724164486},"size":1.8487586975097657,"orthographic":false}