{"cameraMode":{"drawMode":0,"name":"Shaded","section":"Shading Mode"},"sceneLighting":true,"audioPlay":false,"sceneViewState":{"showFog":true,"showMaterialUpdate":true,"showSkybox":true,"showFlares":true,"showImageEffects":true,"showParticleSystems":true},"in2DMode":false,"pivot":{"x":1.931854248046875,"y":1.212709903717041,"z":1.4458255767822266},"rotation":{"x":-0.24664507806301118,"y":0.14958517253398896,"z":-0.038563698530197147,"w":-0.9567160606384277},"size":28.72899627685547,"orthographic":false}