{"cameraMode":{"drawMode":0,"name":"Shaded","section":"Shading Mode"},"sceneLighting":false,"audioPlay":false,"sceneViewState":{"showFog":true,"showMaterialUpdate":true,"showSkybox":false,"showFlares":true,"showImageEffects":true,"showParticleSystems":true},"in2DMode":false,"pivot":{"x":-4.269999980926514,"y":1.350000023841858,"z":0.0},"rotation":{"x":-0.16602972149848939,"y":0.009464353322982788,"z":-0.001593331340700388,"w":-0.9860755205154419},"size":1.7077021598815919,"orthographic":false}