{"cameraMode":{"drawMode":0,"name":"Shaded","section":"Shading Mode"},"sceneLighting":true,"audioPlay":false,"sceneViewState":{"showFog":true,"showMaterialUpdate":false,"showSkybox":true,"showFlares":true,"showImageEffects":true,"showParticleSystems":true},"in2DMode":false,"pivot":{"x":-0.7602120637893677,"y":9.088968276977539,"z":-14.371284484863282},"rotation":{"x":-0.1937779039144516,"y":0.003526784013956785,"z":-0.0007120983209460974,"w":-0.9810519814491272},"size":0.5130205154418945,"orthographic":false}