{"cameraMode":{"drawMode":0,"name":"Shaded","section":"Shading Mode"},"sceneLighting":false,"audioPlay":false,"sceneViewState":{"showFog":true,"showMaterialUpdate":true,"showSkybox":false,"showFlares":true,"showImageEffects":true,"showParticleSystems":true},"in2DMode":false,"pivot":{"x":-1.6472986936569214,"y":0.4104919731616974,"z":-0.6714500784873962},"rotation":{"x":0.14872461557388307,"y":-0.8019863367080689,"z":0.2235187441110611,"w":0.5336213111877441},"size":4.847002983093262,"orthographic":false}