{"cameraMode":{"drawMode":0,"name":"Shaded","section":"Shading Mode"},"sceneLighting":true,"audioPlay":false,"sceneViewState":{"showFog":true,"showMaterialUpdate":true,"showSkybox":true,"showFlares":true,"showImageEffects":true,"showParticleSystems":true},"in2DMode":false,"pivot":{"x":5.857695579528809,"y":10.769673347473145,"z":5.7542266845703129},"rotation":{"x":-0.3185151517391205,"y":0.6328791975975037,"z":-0.3206078112125397,"w":-0.6287286877632141},"size":4.9944353103637699,"orthographic":false}