{"cameraMode":{"drawMode":0,"name":"Shaded","section":"Shading Mode"},"sceneLighting":false,"audioPlay":false,"sceneViewState":{"showFog":true,"showMaterialUpdate":true,"showSkybox":false,"showFlares":true,"showImageEffects":true,"showParticleSystems":true},"in2DMode":false,"pivot":{"x":0.7135586142539978,"y":3.3129613399505617,"z":23.253339767456056},"rotation":{"x":0.1138453260064125,"y":-0.8680137991905212,"z":0.23352399468421937,"w":0.42316851019859316},"size":4.994436264038086,"orthographic":false}